longitude,latitude,wifi_strength
104.8587809746461,10.464679317781133,16.228342463328392
155.69260649043486,26.759103663542433,43.75135884371139
42.15507218189853,75.09135933668708,13.285668729636669
13.617014323241989,28.484854788270013,68.54780027767372
-152.8739227126033,-31.118579962895694,89.88233978718202
-146.30029826613955,55.00617612598711,74.20656104766218
145.63129535497472,54.01108800371003,93.4078418748953
129.93508673004516,27.254821804996098,75.15589056746515
103.7279001233751,-2.483323054594962,30.923601357298345
-119.84711850339067,9.934992141487811,81.39635017765995
145.12281131456865,79.78406758267235,42.16655031014977
-87.67359660752045,-71.1217948709989,76.12081414086673
-1.1750647258965046,-13.226937338460289,15.655654244069861
176.5196141536041,-25.246771171999285,48.57785375718369
5.682726116552828,-63.488485003543985,7.756171659420552
-133.0623646280192,75.52317242389549,36.08361577266034
171.8554637526425,39.093835279251664,11.83550052172524
50.54654711180879,-40.356760155341405,57.64159436870381
-51.85514071183664,70.88791714637713,88.1089541733967
55.595471058199564,21.90469571701246,40.33397260594075
-176.2070058076917,-20.18534198667085,44.23280131821045
-89.08783452972874,-39.54244262558044,51.881196596992055
144.1315211729161,-6.722633611472844,71.91870608115781
164.78641556429744,56.19328458879261,49.83683571171542
-142.2235318763165,-24.512359161248213,63.67475793225277
123.56326359160158,-54.59053912796111,3.45933318340258
78.97164314468938,72.83249581734168,86.39538949240584
36.52875342390564,-88.83578338382233,96.249042336091
110.0130485978874,-42.05432739481776,44.470591731211904
-158.7764801475881,56.48233828712324,13.02275526113098
97.74160053822641,-41.50281750247406,16.04936903986397
0.2018333955786602,-16.55774216164319,89.61075344544632
-7.383808433317171,29.25899068606813,0.9655896796273544
41.16636107764597,83.67053023798121,55.878287213241485
6.48691023012384,-45.96785868588714,83.83686826053778
-94.98091488227047,25.15620120523495,32.644131257670814
50.00907855677025,71.19787210462121,97.19366360802907
2.2249093161468068,-0.4688537678763396,16.80517711176216
-140.7303891792094,-29.671282376742646,32.839705332482694
-63.43291076223788,45.814544664329276,10.767279568793464
-121.9675764268076,30.743099180916346,47.87948470181275
-127.63056696586162,-79.10854026292833,94.59986082718169
125.0535811509867,36.08576121083122,29.806764670154205
85.36235801927609,50.332917326479674,29.304786699435247
167.64173664401267,-69.99352913526279,42.86346786200993
-109.32116968772208,-82.60818649901981,33.43441319954904
51.576650821079824,-25.731576367877253,61.32843599041604
14.090398215094552,-62.67195570671129,44.8620045639298
-12.553533275484625,26.886529503107482,49.275323757248515
135.47005540826797,-11.91450144670415,11.770609763068796
-6.738582335131326,55.86468547445784,13.799935249873796
37.494767824813664,-59.129006245885584,73.70509157576647
-90.60574636073335,55.71261986959044,46.58921422222657
-88.53624968995364,13.969356578815706,68.00782224158425
98.14130616954839,26.557848608740912,76.4214470414819
9.509555889413434,-73.58471753167123,49.53941176567266
5.466037977296111,-22.715793183717636,11.907797227997573
43.842719561482255,79.21089095735857,40.62159186939679
145.36363993762382,-1.4737608419098933,49.76015297512559
164.81977129087073,-70.23656846601556,27.048581675410777
168.9074310926921,35.35262358325102,97.80574644697437
-134.01427289436515,-17.10031874321008,24.947735961825778
39.5389915190913,6.407883091829191,71.28232546619147
-93.68114409463205,83.2736886434947,57.47436850239086
-97.56120675351113,70.13456231667874,60.54289730485826
114.61812248023625,48.26162730334377,14.458100289696674
86.69491438707684,-55.759441373639994,84.27591746644171
61.247172859517974,2.381741134862594,75.81679562742232
73.64119515288655,-58.64252026738144,17.92656921236113
-126.02731744466121,67.20998843797042,67.39693962988895
119.88943309989241,74.68449821245429,10.69615189091313
144.89222487217086,43.277108829133766,74.16639838719523
-37.491352050132406,-6.984056924409913,66.63892390468328
-42.608330210452976,-50.7844587301309,83.14088259202285
69.82585468562834,21.46360015404356,9.156443746975096
2.9837751700067088,51.67369079636413,57.9574039239945
150.35927477099324,8.971091251496262,80.57965730475225
-28.66800096731322,40.70299700890229,51.62664847531791
-122.83484114176719,50.73421600026987,55.71131597600565
-159.36987816113702,-49.88135332281385,59.91737359541586
-112.95218623997253,-77.15961907599586,20.17484070689416
51.26011908112997,78.0381012245171,92.55442050811706
-31.338618610220664,40.07830906828627,69.43668778569958
85.63259746935523,69.86587628676412,66.7897517018397
30.377098352596505,-14.12204750694687,20.369532684316738
71.98858515094639,-65.84177960392597,62.669979993876154
-79.70734789845176,-36.91037849517021,87.56361242070867
-67.88386773762798,61.00419590385343,95.83000019752332
101.53465666253584,74.76873320243197,42.68152994481571
-96.69738756623961,-74.26210276011227,77.60231236113451
-45.166062668785344,-45.528117732669415,7.2736073640705445
99.52558340124847,20.799741186900448,45.03216573539994
61.66603400917268,-20.010468977424324,2.7595945157324997
106.63309680714042,29.769932303305097,42.01267667786723
-49.19708329897156,65.31075088710975,69.9902218488104
-150.7851996659299,-68.08115879024318,45.99534728874269
-4.383269755859118,12.204620901553582,91.36090319365005
111.94584417448539,30.489085443065505,12.094805826031841
-166.64738385958537,42.36884245239034,60.06384709950359
-62.56334513467951,-49.69688042311289,86.8130852452687
116.73445125051859,-57.6999188412846,91.41455503650087
28.955535710777895,-6.284120059493588,66.07873061652873
138.10710715149168,-36.7689885403809,63.12195608727126
96.83924992405957,18.5044403353252,1.9284022472926265
81.16247722563185,80.09923834780673,77.89620679032754
-128.833959435142,-73.94983146663755,60.085007862156914
-87.43849026030955,-86.36740489295678,68.45871516503846
47.200578281536195,-44.61380763807894,51.68503439283963
142.29100506967734,29.359559676295916,78.96228832124969
118.48954095923415,-59.91718314826879,96.58070873528911
-38.73444595681414,-20.136846368230465,76.1693988809836
-55.881989188538626,-35.90655383449384,65.15361656647852
-95.06850561894893,30.18563403233935,83.21770646298357
30.863811892139154,-50.256562373592615,35.37967281468275
-44.621262291618336,34.55755839660334,57.306889530702996
22.06268988596821,-87.42410392134906,27.506403134521605
-155.38153424535847,-26.45022812930788,39.21214374054556
86.75471820007738,78.60893924463772,82.11002706456036
16.50973125137085,48.968830370593764,84.91980342323868
155.94890507135563,7.034450587471028,55.007693891293904
84.77816776905757,38.65977076741095,17.721040520020747
-143.5048262928409,40.56005932775102,44.247505080610125
71.23773076114799,83.98735928820491,1.4695280993173077
162.1147879993436,0.8388011449931838,62.487836661626275
168.58574765603674,47.599275495596856,48.591671139414714
114.86540668792878,83.21405036207466,91.16297823315644
6.981826304259158,83.52291142787931,48.6650519397019
-46.65722827254393,12.385547940872414,39.12441914275999
131.7421464519938,75.65449426895955,32.18209482757094
-112.92178885511767,-40.4276639722481,8.659442125864402
-74.89393322796694,-14.355522443004773,20.789472360312033
29.96512321769518,65.9813143524182,32.52205733576059
-166.53721205399813,73.00188597237718,96.9324191270897
-34.98677461281335,-80.60955706227152,22.279630064661816
-106.98571077702248,-19.890983649985046,37.99254689637769
-172.79209656615384,82.37009964481788,66.32398831870005
-111.09838006575347,-21.89833900665964,86.77191166968925
-54.95831641376472,55.58755472560475,12.084458326372582
23.19367199331677,65.55462505015637,86.89384725501357
102.70733421901747,81.80817136533568,47.78603363337572
107.14449090230818,38.4616816187403,12.709172762778797
123.40165319902479,-87.78375405282421,7.978061425517058
-11.805865270956133,53.73362122374144,94.24080205827521
74.70317805834992,23.82750293398172,58.56069806991822
-7.899266356454206,55.64643473718584,99.16976658626254
-122.13508936157135,-2.427422441494798,46.32655726592911
53.51315471465537,42.363161414905534,69.91153681456555
134.92299252729646,-42.04666717818996,68.67102281567165
-130.69611885784207,73.84903131982193,2.267986657184462
77.472920244119,-81.51132907982122,2.7347621933798583
-126.89093282987005,-28.449609019933987,67.88262100790931
115.81152192150722,48.21349538058959,69.34466823766765
-5.484833431460174,3.4544085477070894,96.29936282645959
-105.04955454324835,-38.772651878937836,93.02958198342606
-58.682769883696224,-84.33101599248529,27.403929588944365
10.48343881544426,46.10412918875511,98.11483113502925
92.0480410753118,-78.65093744514617,25.5797242896992
-6.393701581014568,-59.10095012425418,72.046366656243
179.48663716657006,-88.7848526697596,58.932208068197376
-16.597037171429236,-41.96553762480624,98.60885409207707
134.16055367062359,0.3058533748343706,39.20582502150268
-159.70270409111686,43.524252351216774,74.52590899431803
-67.57105535417799,-78.6736979924433,97.08358973063869
46.99384126419034,49.60244695747886,10.652609660814981
-178.4362381859226,46.83967116734283,54.2758920410231
118.55488654764406,-68.43799400464187,71.50465673834108
164.59022134016925,-37.9799548504923,34.06023264081624
102.63644556798624,-40.46933436966611,11.827004449720791
26.63759832101067,-36.3732367746761,72.26523273856627
54.3269058066972,-53.634542172325745,3.5885379740848267
-72.94567101933175,84.30463401642012,45.98215076368558
30.16118893688642,-19.352878651519603,92.02814326857136
-164.70154144441983,41.56227182024904,45.355480250807055
127.03475500265631,-4.1776351822512225,54.013892032552825
153.73103268402252,-89.64321373232553,88.50412075989243
29.743799658361382,-35.710370695199565,51.055713418416545
-17.7433669275388,-39.3394827520293,71.20267375393702
20.401614480715068,-37.440930084660565,33.90326218680767
-95.82850340142588,39.18674869240425,52.297424073932376
-28.674991078504064,-61.21346447436379,31.638711405061926
13.605293173343398,-25.344417187102863,47.08416153170305
-31.1920051375524,-28.83961841269054,40.33694561438828
-148.01312138127082,2.5463673082980165,51.786245166214584
133.22859368423337,47.95472472973313,72.82605400340454
28.83190868264097,-49.96371538699118,44.26991336106114
-13.996662651118868,72.08935617825924,57.808552505007704
88.16027812594211,-46.79509148673664,66.56989893832514
-32.425027507711434,-84.72384313585017,75.79550759883273
58.586844397258545,-88.02977349210049,66.05195966119445
-2.5271349134006584,9.266040013995692,31.308472399299912
-90.2407798835312,-81.12486363557274,49.37403027678017
-174.49470374680294,-48.70401815841046,15.46444255283509
174.2411103118289,14.65729305897726,4.303497364536446
44.8373467046454,26.83570339981914,53.84579512371438
-55.59478530598395,87.70220437124311,45.01307026414675
165.02650910876565,-75.6133839325334,6.032533304472009
23.717560822971677,30.26229241466619,16.13947554771189
-159.36881263745,10.734048886327997,37.70216878818263
154.37557056294304,0.4388584915359104,7.342020870165678
-146.69747668719305,-19.21200551111518,64.61856670700891
8.09389410295202,71.82953220060429,2.444492649419283
109.17615357946892,27.862165208989666,98.87932560537742
20.346339460490128,41.45252505317603,46.45158815079101
-179.24340920520297,-24.06584703355874,84.83263691588611
70.11153786366529,-44.7388640323362,60.84935473542251
69.26488197465537,-77.09140254458416,85.06933110891151
-159.7371091550607,45.62071254605925,22.152024572665162
66.55285771354207,-71.49552937301891,58.54527189482981
131.48726433559744,34.30066375906139,21.13943219887442
-29.048271477316035,25.499693764631147,63.040025756548566
-163.84354628585882,39.868860233624616,45.03031561137837
-14.033821073227642,-30.46532709722611,41.90718181758529
81.37269989321726,-86.6024068440839,45.755517680063704
-158.17367056729034,-41.42551380347559,43.97860887204651
-84.21661966528944,-71.98457085448081,95.22535335674993
3.871679902760633,47.34998998132693,66.66916898486632
-25.064177085881596,-60.5009487972396,56.07806494692856
-178.68960978985552,10.33479027515196,81.29942971073962
-55.5806493457449,-44.29228593284194,34.68193242999354
140.46781957581106,24.87099793012554,52.310139256977294
-21.497388068378484,26.075087083623174,36.82192643528547
-160.25026656388093,65.35754435609252,10.726038558734563
-30.944482338642615,6.325748945743314,44.00175863673697
127.14106657536189,60.78830538449185,45.69589942282932
-40.33108636784098,-49.82192711564485,1.0919235841013175
-11.509125408313196,22.844430225918188,71.25332031823379
176.34412703245226,-7.370461128684781,77.86951370138384
148.50161897533707,82.56046577269228,82.7787933294688
-47.24717025748643,-49.511975138478384,31.025307477360677
-141.89327566259274,54.1592607801997,21.57927805864822
51.46937259423379,-24.248050137633086,13.216464476393874
-58.176206235980246,5.357341894561159,34.15749280070127
130.21328123769598,-17.073275051142474,83.49302575083829
85.13316908720088,-64.38656979495157,3.3177827666870385
-57.784568901118874,2.4997858166960754,13.249255288710627
28.959200360598686,-46.27584224912373,44.8034192827267
169.22134548367973,-79.87177057562019,12.338829934921725
-89.57115392649426,-40.8714790487946,4.148332967115554
-99.74335183736169,72.10962669285865,15.222437821635515
-80.60544162515836,-13.46099104508717,3.068877872944653
-120.07842771845738,-88.5802844496764,87.15111678550612
86.64451433130154,64.0045087565214,34.62975538175672
-137.33794074828972,-41.55410871168804,57.31725581014573
-97.62726913080353,36.59186839355141,44.30621680829607
-9.019813928806713,-8.950812665420116,50.03245139688492
111.05274633290111,-64.71847925750578,28.034311082396336
17.613569856702156,86.6985727947746,57.807599071034396
-73.40478352169272,21.662544568547645,5.104018358047657
59.50349310366147,-52.76406717076913,49.35788568037371
142.49631232280683,56.70961008388517,42.97337656049114
166.7987155116066,-78.68867538269679,10.498363312118386
118.2988553599244,71.3239540562569,68.98838487847648
-58.223873793783866,85.26677814920563,14.107552755894359
-87.87156259112277,-51.01137251781337,16.95951327923816
-155.19853327668142,-32.90666976273412,49.53271850276037
-127.89963092798526,68.77928389060133,91.1361711890421
-108.15670047891491,-77.37441026901136,28.99744185800347
-91.5668894535777,58.24165659866688,29.953342437895714
177.13939935768235,56.04938909167228,29.15412556810999
-152.06748554565442,-29.929032525191907,60.749131117890656
-84.59677348796325,43.683355912636074,46.770029956352246
-75.7105357297828,-41.94073439356434,74.40132137000279
-122.95064749227734,87.01334100565794,22.892335315245617
81.37255026102116,48.314147368134684,55.10292165096347
87.43822204902006,44.09493393193554,52.41231988159723
22.57729852447497,87.83397663842837,68.78330873970063
153.653755504851,8.138017169136447,42.582458498674725
-46.350637389133,-67.21112977510083,13.142718275290143
106.74420428777518,-8.057585313301772,97.68332564524259
-22.719609861673717,82.18556645544135,65.27337444678047
107.11620529943298,49.582462837198875,12.798992182097956
-177.89352809426558,11.191573463239521,9.62175710341322
160.88678387542132,-20.427242576679376,24.597114375377892
-159.21513104450736,-24.34727076822587,19.043773089631166
42.29430828884648,6.502974769519199,99.01030546842847
-11.675125442588012,22.400210350960975,29.277760416394173
96.97094248944813,-21.78029248270893,51.37602336560067
29.556933807599194,-73.55364793999718,8.352794026477673
66.10423563561412,87.01221234074521,54.64787843515989
167.89988167317648,-25.9270159504874,33.63208462279083
-134.03452938845624,-54.745574692706015,15.993799193231828
131.39971883089248,11.633073513220324,42.73898366026451
-86.05918342085403,-60.6671407100905,11.98185998651332
-128.6708063837103,-54.42608533731336,60.57739159926594
146.85948305268948,75.048922883677,74.63873995605137
-100.04451792502684,5.608120244030616,1.9360226977721662
138.70504828375914,-63.98817952058599,71.77128646387706
41.7819791671393,84.24025331434132,72.8934634354867
-101.55903554762055,-46.63502819643083,61.95128743430664
-86.17885822130697,83.5040705176323,96.66729243437682
67.7503699293463,-52.96108605558204,20.501723962975294
-14.06543642644371,-76.03711378423804,68.97765574295003
-68.28822630543624,25.70568982040355,65.95193098216883
-33.6997358863386,29.379186158789565,95.71010840886767
-93.41159793191079,-21.13647724068359,14.404824755351997
-57.86245126462636,-31.479797119012126,57.16085042444625
-161.9724485833255,1.1633141192500034,98.34488627692191
-8.21430497488359,74.2817329201113,84.26672035004799
74.43967569503411,10.37655271102966,38.86006759316165
-169.17119674054177,10.716581830877075,60.79256844167199
-135.53984354329486,30.094594475551162,60.731847073139924
-140.56329156550296,-46.849974158294316,40.172291296735494
-138.41958183122864,-73.30749369147625,34.90325581405993
123.83550234028075,62.23022890227253,73.96752284649781
-17.948580734637602,-84.70215837173501,9.554671332966258
5.6639357347520445,-6.6178127935605175,45.306902497626545
-107.13044480621025,-62.66127384244142,40.86621235277617
-123.12383717063494,-42.7006701762447,93.02686063462785
-61.97596415204889,38.92902888801473,75.0098663045152
-150.67986283281505,26.11258957662065,86.78294176698451
133.1413613988908,-83.6452427254519,94.32073772915597
120.13800623811773,-56.20735514523232,5.097107637482434
128.93287892451463,76.17551972431681,18.24201476967494
170.19904290893976,-18.995235945946405,98.5051639648982
-59.75989055043377,27.47004460762838,45.07198072998688
73.73233420365412,44.23475463077247,8.651812297811222
23.81814873073813,0.8955951821381376,85.3405018718382
62.786937451081144,73.22488848181558,28.3789505477657
81.97620255313677,-41.854599418918035,28.21842027985785
-159.71939946294876,-17.600509474250984,19.33831985444008
-92.59813372900523,33.20398756025591,72.74184816255234
3.3870604857879982,-67.01950602559049,29.35134677050272
52.48425015233016,58.85588180978678,79.78980626373608
-59.91359049764468,62.0288430349317,11.063916614352088
163.08207658128265,-75.14236711598868,79.74509622292254
-100.93068587728315,-68.63797436644717,95.13515737583616
78.58420398605494,-21.85194111163635,92.72962846614062
-65.95682812338386,-86.25511848523267,44.97057308614942
-41.16582077190441,23.484795200846364,65.25677353865149
-167.42786556452617,-20.658177360542098,30.783878599975733
-159.32631177469347,86.46617195139757,46.807279862880435
128.66279003621514,-26.316116943161397,98.07268576822932
47.310384453521834,23.202255016688213,38.27338749021033
14.716473413613727,60.74107944981205,51.50583306845172
-168.31780429894644,-57.497026058410704,36.48910218231445
167.51720616299576,40.54290715377985,36.61512629262642
-72.79912831620732,-45.595970251576404,75.45336101094017
177.61029850945374,-7.55210369821657,66.2711655199552
116.10443647264611,-30.802978067438232,63.53536861696156
143.92254664888532,59.33226452034387,63.280082540333936
38.78204038489079,-5.328127168416032,10.943647758560838
31.738796802851397,-46.625892932234585,97.08941412868796
43.449611088836406,2.285087176347602,97.7573980945454
106.10106377232609,63.525194123280386,73.4079902416452
-52.480735935404454,42.85779072657729,65.79212162583646
-95.8343294113307,77.04539737305112,41.528817008713304
94.4840904582864,-32.494768352390636,33.9569624387503
-63.07872984421499,-29.68420460603194,56.35334379142848
-58.342301136441975,52.74028585138589,21.41234186119757
-79.74417013514065,-56.865437037086075,31.41135196616578
142.34256854230534,-51.45227604640196,2.0208694231331648
-154.44685544110777,29.26652365080018,26.24192259151046
10.64471444141762,71.33224758968458,41.20252457919956
-37.613253084447166,-59.59897657670359,8.28095296382524
115.16644641020889,54.754241304513954,43.13956127764524
137.70503399457402,11.246362334120775,21.658063763888325
-7.797301193081154,-12.539837319043414,60.40533110395376
-140.87527037429564,-11.403549965907061,0.7778913759491468
-69.96911779671609,-31.890192762987937,18.468062960751276
42.66631218461407,-82.85440397672204,26.380472012366063
-73.24546510744258,-18.182844670233365,77.61652844398635
23.112921076440983,-52.90898913760681,51.766488056090374
-61.2571870144928,21.42430138221978,40.35843332974219
-70.34568394861728,17.907015131866345,34.47287297176796
-2.13894012657326,-41.79696414690882,59.998325249238995
44.69630207677699,-35.293269145017746,67.99448062335868
-65.99697037679573,79.87616125531136,21.01215476846945
-41.587061848988185,-56.91318850078139,79.95235374436918
141.9524987538934,59.10795978853173,75.16019854857925
-37.25739331774176,-52.51662492736116,46.71516512855648
-87.18985673169271,-21.958181516566725,60.47608397603618
-32.65386861721058,-60.116838925600455,33.78884545915257
-138.26496688871936,-29.71882239225198,21.292345912223777
-26.212708659187996,9.60907112476697,64.3660157661288
-120.90316623215186,-22.041733331638625,31.426676438392654
45.953234544911226,2.6974215519597777,98.3803540022114
-6.649675932549513,-31.703326369404664,90.00112845306478
5.16262452884672,25.710243838696826,77.78134585230322
92.53665361092038,9.838573670525463,80.17159620017223
34.41438485749879,53.884668871445996,29.222712267037455
170.77973850729688,66.85644620154696,10.07927026924772
-20.7011102656202,44.080675822091024,30.36628050920871
-88.48553188119412,71.6293363988512,25.520799019978025
105.18129049501806,74.31998501619452,31.61757267865788
93.32002590579259,33.400185006718914,65.8973951586726
-57.00925518983024,35.169179519334335,88.17186190003441
-136.85798065951366,-31.924777017930403,28.128492471702348
-176.4603246947012,43.488619725963645,21.81952588398204
30.653381941919775,-72.1663042629569,33.788032027771266
-18.629745336285083,88.24762959096597,36.35945143018652
43.88198878301637,3.2372957780475247,50.31269674100084
23.181730079057445,80.59412994291924,40.09316585226973
104.2925927925383,13.906607749561715,17.36561665230536
-71.2301657060485,64.06460384901004,62.21376826469942
115.22821878170191,10.272138262069504,10.558564970428574
-140.85685992105928,0.5460615396678037,50.69514379349228
-57.23417906938454,-29.65951287819339,22.5821838135041
125.22817575333005,47.17579240473066,59.22406593448633
-70.869848079996,-46.925191064361215,34.06493889294915
-14.274056866572352,43.658493290450195,77.31317606926972
143.87924999357432,-30.791335082824425,61.004727294041835
154.42782066211822,66.04569028396648,9.565059430052047
-65.03268018729,-56.117399892557934,8.845594980112903
115.78974659307687,82.2487929444793,47.41068786955389
74.28940653251664,85.12752999773116,27.923515103033935
46.59309705315064,47.973293145943416,65.92390509377034
-93.88784525134899,65.99369658113767,61.77355384875308
26.734528566979264,-42.56828804389339,68.87518142502309
-41.77146646851074,-41.70854951541297,10.464799157171456
-110.26727659545126,46.02383917606997,74.32680024629197
-178.91805160372377,30.304976318663137,39.67334389694385
-40.84328230926931,-62.35323570357505,16.2858044505776
-129.44412569834276,-68.1162328266507,16.635872761716662
121.58535058614677,-47.615866589614754,34.39069440052095
125.67412891684717,-16.285393393539735,30.61826022408337
-6.478126843342551,-60.963475325792906,57.35135897015983
-72.405457429497,85.51525166356475,36.60760915018425
-135.09862610862143,-40.66704804819585,30.09356649568383
-170.36763853688493,43.8950524098143,84.95021415630558
-36.85965152109745,34.886410614614775,48.23164990800743
123.14703486027213,-14.838403359679504,10.034454851952546
-175.38665699075366,35.66870973543776,34.66439016044066
-48.78041174240363,-52.39278219170139,2.847172690973643
-72.01689913900341,20.117538434127795,0.5450069664301394
-107.05213759880007,-27.231428748690732,38.43933127115642
-159.50322275437043,75.21253016368044,39.65063903901419
-93.51251522422,40.61290457998504,22.00651620938291
-139.32789402745465,54.74418221914593,68.04562345887182
-138.25539405014996,33.31221071039458,87.48494927163097
-95.50816203235976,-27.725088998364612,41.09318165119104
-39.74555106252407,20.154330722238313,77.87481365306296
45.660194485685196,-22.05926001892786,21.397344361834826
-11.837128538916545,-81.46028851620487,10.083863059478126
12.778078667102136,35.255056502075206,8.042850126492041
156.83549230427383,38.66804952694088,95.58165224996863
-5.215754786774198,-83.94650174070425,77.26866680536014
80.01940029009057,88.45389469158454,68.07326225210792
121.84268479991937,-25.265803550600523,72.98176621733946
145.84154431865215,35.268830213974,39.19583498106679
-161.9021782793307,-5.620714666671489,73.52060294044163
153.77772571991517,27.90683791654243,33.40081304759631
-45.61225043284253,68.08417698935267,37.846261984833326
-28.994624952334533,40.23080972002168,21.01667549681263
69.44328798995926,41.809316888549546,25.766592958087443
178.04749133479578,-59.47563621098006,87.83609673905568
-149.2022181301217,40.964712853408315,44.744010511524124
-100.56308089529728,87.47855122474164,40.23610605324864
43.50117434071555,13.369345668926613,51.308170913796125
-104.17583915589447,65.15418264663927,38.26158769919677
-164.1215200802901,-39.36430839560876,96.84767343382987
47.05047335874821,36.49448545771678,98.62893330345135
1.8903458886383362,-59.05020709444635,28.034115482857768
33.98810420230146,-18.836944982304203,15.858448711743044
-34.4178510292455,77.34822026390603,55.7024027276255
127.35722033755525,5.821932235429557,95.39176762367661
-112.41669377617923,-48.48335693489759,50.151726465158916
140.36932842230414,-46.19680342055966,7.267853730714258
-157.64534111915574,87.96309802246702,44.03783024907521
142.35327745473222,88.71321771480135,42.65420052222091
-0.15407607593823514,58.17230675934695,81.6201643243043
-5.010001624677926,-80.50052773597906,66.95274982142642
129.03069435331855,11.390459507256821,24.538859405275804
-83.44956630102944,-78.07564929588507,64.50072833661615
-97.74418658041041,29.042971273224055,13.299344356815535
136.2148720730567,-77.60050938597978,93.2570827113608
137.3971596944491,-48.03937589047509,3.4916357503052775
-38.63078872908034,-77.70746893948369,89.35636665378271
79.94808174267257,57.6945084547458,39.284404744280074
-2.6627614823658234,72.3770481217193,29.869819664272278
-137.23229460104008,23.217882520961197,37.64665541747061
-100.16816383869632,-1.704339124528886,51.23781647138731
-49.013621181684556,-80.0133322677361,76.65017177179088
156.6257183282919,-4.383611121934791,27.87180427600797
51.10756916878597,-21.894368594855123,24.272486353391155
-22.156409617071006,81.7504919988954,58.374399889300456
-125.36547375334754,-26.710104496105828,26.982298799361427
141.02100322068873,-35.387445133400114,28.969876624191926
5.347349411456861,58.089084211785405,32.47712076450947
-55.50133876887401,-52.08675812686041,60.51797428794903
-151.8756171935505,21.779259697926676,73.60700350490829
-50.14734624240333,34.00967948256586,90.50663965888991
-28.548975380213847,1.4226614552699175,62.653088685113964
-103.59921807421176,58.75057985447776,7.681481245612742
146.6409248860935,-56.808990701553654,35.07970334315824
-71.764212071642,-71.32695721033423,34.09821407366028
89.58314493120992,22.468031998491767,41.8100179406618
75.64898548457461,29.77931197979366,29.69643511842589
-0.278620847829643,76.48489986469608,44.48713626521782
23.054014028783882,5.096424599209826,98.38580035317584
-146.71060157066495,64.17659059513522,86.34438597086975
24.128046919105827,22.39808007105188,19.94587206692525
-108.08764481603855,35.988795358877226,76.55739345472658
85.46458066801927,12.018456603429115,81.45712321818954
176.30632685108384,6.655306391782204,44.94339453421484
-129.38087049041138,-23.302212595512273,35.209047976749495
-35.307080993422375,-68.97590261034279,92.28758256697289
174.56385337089574,-35.47363696867686,18.9742155651736
-174.6080268006033,68.20863962035608,7.848882086747244
-70.75193164061336,-56.37527629257831,0.4147705145414293
-13.069056860515303,-82.46396455199186,14.73181680433001
-44.45572136427202,-32.35668611546346,36.4631405452853
-24.812083779653108,-37.76367764896207,41.03905162622318
-3.4551877873453805,38.27659129304067,84.20111688017646
46.62699951147033,-55.29081540603032,13.231199177181841
120.47509696000895,-6.945095066822304,68.65993608670587
104.94141900977542,18.324907776454765,36.734389605219754
94.63695637865709,-13.50175354408239,95.35453073696304
120.62951073619581,-64.70030147667246,5.455465207591226
-107.12772469539978,73.01783747372599,9.069704355618214
-53.68256611251127,37.94346264613263,39.6656530669507
18.43767325313297,-16.495132128447977,50.38619489507224
-150.17471482152098,-52.32899306534646,45.982614317586886
27.010790546858715,-18.60458553502329,64.21624840399325
54.75637149246728,78.7448405087716,75.73844888267561
-18.368606681756177,-73.1630640574849,50.93416755607071
149.73103871024273,45.75960867794106,33.76125927244803
132.2090350811963,-87.0949291474987,49.87628894661
40.174720733399965,69.09580346840173,65.77956584449863
-96.09907818144595,11.327402642143369,69.98487899637337
-88.73970274455256,-36.80831232692801,55.481502846322904
-78.08873215356071,-64.89473036832126,16.621197376676868
-90.33117090374917,-77.31604999051777,12.083868702063205
-115.23310355783131,-79.3149555148487,13.501509164914749
35.60449274838774,46.92274146710213,22.274442104491165
112.05145786876324,60.750799063355345,22.30182086878817
-126.41678921497214,44.51400838749825,22.767771348689347
69.34819257241648,-13.323793828798088,87.06374154250297
115.32186224865848,24.93844708881575,12.849654568959423
166.05224287763752,79.81069826277374,70.69726062456851
-92.90496341627184,46.28244413687361,80.5909979962918
22.32447808103018,6.894349548713976,37.172578658031185
71.72129911222191,-68.77218375402887,65.71992015335124
-129.75243450142545,-70.2001880889087,23.671770131788417
2.397512240639287,-41.50350629506868,70.38879077549039
112.97593270099014,74.63751584338922,1.1458587365473005
-171.51984712218632,61.35374857084054,44.80886240178508
-99.89690618462838,-35.9726270233865,55.366135654452066
-142.42452927535146,8.730547487507906,27.379772601802287
77.74531160526294,7.095999970366762,57.24452552170337
35.259850655131146,-7.66195039157634,84.76516798561966
-87.01087466500054,14.192068445989761,52.17454433105711
-77.03122899617044,-60.45585639613162,22.283611673650704
-145.3434113578956,71.7309653011373,33.98608674950775
-130.51621275073595,-56.09893910980704,11.649523123731642
-50.033328968300395,23.593034149518942,42.351653054681485
143.1298284070195,38.04060173373409,71.40035994957506
-175.60266962013517,67.4755783187289,58.74670960032512
-105.28176430621926,9.643162666531396,46.33670496201494
170.1148186623081,30.9858664425296,18.295528363971204
-116.46409663612752,-12.849405150690686,61.447409337464876
-110.17465875781912,-74.26494897308021,14.497179282857786
-27.470613572176404,-80.84929806809319,2.435726634555646
-49.265664203470635,-44.48174126465931,54.18610882838728
114.42663978879,-65.34957482238049,78.85105543787962
109.69838063930985,-23.645400764042776,40.83844837402011
62.20417607226895,18.587442193243888,0.6658916494867273
64.75049068976435,64.02086105242029,94.71653750704901
-40.35652971331808,59.08846129048152,2.3033091583298138
-141.29895501887836,-24.40601566143293,75.92105848930557
-91.21342747607773,-60.155840712838625,64.14965776810358
34.36396029941656,65.72503881833148,67.06137340295764
169.1415948888466,-53.59858612298568,2.9543852606738086
-151.1547485072771,-71.3393241670419,12.300008995679468
-6.638523837177644,-42.33425086969945,44.38593024937158
-141.99947922810372,-60.94886422415736,60.15682767822598
107.56034067681423,86.13829190040502,57.15390162784948
-165.0997186496192,14.263914313226266,87.23415666157082
-142.4306077427083,-43.0064632288011,63.02240472285021
-108.55639787598095,49.5133991561232,13.431513994258893
-138.57980670530074,-40.26437960628855,82.67790903874787
-40.84156588261874,53.87469184108318,64.58427845807103
-153.1244539135285,29.397717695323195,13.273618348455852
-17.900128367227808,-76.69774386869794,18.53999897141595
107.62594679287702,80.0522297992436,51.24320162802174
139.51380300860978,39.14354375732026,99.11635111789721
-7.676146658175725,79.66226336165067,94.59543471854374
-176.90254736883708,-54.39865013550747,35.43312414375421
-152.16290349567768,-37.10689945237798,52.99781784152984
59.065726727665634,-12.817858604700632,75.19658684321968
57.742965131249264,-41.19516071650326,78.45084193149545
-1.7106860001371729,-51.60154235601765,12.810986561353921
141.7546779548705,48.184742111583375,63.18828293958937
135.51042383218623,62.470126227259755,6.276936641300901
60.1881372146901,20.173926168573843,19.630184035667053
169.7200377437382,-12.865984358672705,14.265149583272974
22.171835220729236,50.151101401403,41.147027883029395
-15.020965754266712,78.37062821732746,2.0886159702737994
-164.91121701680092,-39.70681873370049,80.8101129622845
-155.41107520644633,67.19393345366248,10.726436605008438
89.71528697799181,-56.183720902434466,1.044300099938733
69.67777370214046,-49.953784445037904,93.10290764726092
133.9357674840217,28.369143542022428,59.517534567535044
-158.3269253133398,59.085486390924274,41.209595181801895
114.49758311207597,-10.479245539558065,83.38674312656218
81.13276428259474,-86.27939245163705,14.024618172877323
-134.2125443583077,0.7003726596125546,22.563745722939476
55.908005443744145,-53.0776176688319,0.9182084822238701
-65.47037042203058,-42.74755136226096,35.46674253165863
-81.06331797574482,77.5549068597287,33.06598324354274
-26.960593538357415,-75.91912332589987,38.29258079930722
-82.7915202391923,7.845132516218129,74.22299049444175
152.40715629108183,6.469528400805487,48.17042741129409
-66.90621614362023,33.404850648072454,99.95175596520632
-151.68079372187552,52.71342905959003,16.195266754537275
83.45912080833983,34.4912761912055,80.44335661301297
-139.80867957007146,38.82674532482767,77.60768517424646
-55.25039606978106,-1.5265805823730005,83.59960207083175
-135.53380819730737,-49.72898332386515,92.34391969662981
20.07040622931754,-36.740086667773625,92.79723559391272
-92.08668625416989,23.61940201923916,63.84661250805523
100.30509748722255,7.40095431867104,58.32857593269088
-64.384385867603,-87.81278624843685,9.746551803449577
77.28078937119153,-32.70020814102545,72.40293238901936
16.755457561621796,36.48731041903878,34.76413894401642
109.78381719712638,-36.06096487012514,61.056692864621574
-75.9605444451288,-40.708816646724785,50.82572047378267
43.148506384046186,-17.79822623468759,60.952537431033136
36.52635506631168,2.549429223172183,79.09208849293972
119.18283781994813,-79.28009420049582,42.42782405315301
174.0569203255809,-56.88364294972783,11.713280948721017
-124.03291467299556,-20.75584333031081,30.324799447914806
-9.446611972201396,29.22053976679726,56.41996432737583
-52.17277818081793,-24.93711773074793,59.80503599698802
5.8330207095445985,-63.98830549117305,15.059140976075913
72.13321308578548,76.97860077976537,63.578772568857076
58.35331336893128,22.594187039585833,44.78133752658648
174.07132968930853,-57.71831600437853,45.784839163481465
105.87344043778097,68.16628895793815,77.01998390719532
36.314560568965305,-63.57932303220612,54.85112324916466
-46.16100386731219,73.10679187215649,9.226918055149113
106.25210678640997,-25.5961561219068,24.791783693010096
-13.19593307390744,-14.123626194104588,34.54353634803409
22.001955419073596,0.7472444404267122,16.065563534246962
-177.9258132768257,-59.234854651423376,0.9830696825789076
10.756434999298307,39.075371531612404,67.29997334176483
-171.80147902256434,74.3719793497338,77.31100655654888
-74.73312624830683,56.92016330855543,22.747933218271044
-135.88255861922315,60.451763244856465,70.68742488957372
152.8661701865077,-48.53572993274814,70.90507279736045
-93.36054232557228,30.76784204538592,13.383919400897316
141.55065590584337,62.773877023053046,61.39462094346628
-76.00648856728309,84.74766105911186,85.23795653756613
48.5644316386296,-81.8132600860247,9.805591368927779
107.9766849373811,-16.166513721599514,83.57049768637648
4.361296174804551,-39.43385730571082,82.71234342723372
-160.01684147427116,45.44356167082367,21.513249092797192
-23.51687983034452,-23.54540174601898,58.978085266521916
-94.34265177728217,68.09095064154158,66.5708923956241
140.71274900565447,-14.090709945832586,86.64590450311334
3.9385318701514223,86.48054053421194,93.10385453827905
-106.2427424054678,-12.348350074444866,49.97216931788143
171.21301531830716,-58.00474176350606,17.15214518423921
-44.43021732680202,-55.52328260792598,43.712354094636375
82.87118631255544,29.358743824560733,12.526576666974965
108.46632999758691,86.59288043216063,92.74578909796892
23.923061056865123,-41.74173861010917,88.54380198787169
-109.4481537343697,-45.68744415376521,26.809340393912894
78.21771562844214,62.57058643402209,73.84122459505915
-53.475867063431224,-46.38363594191526,28.363842201381495
-15.96606195986385,-18.76683272878998,12.31685512734597
51.04648309665379,4.880619472456289,26.669986944134028
44.005129588071696,-56.32312162802741,10.074441258587107
101.24666668055335,63.25958786050276,62.94378061816289
-107.17876721167269,3.342045945791142,34.85908619058185
99.07191209855614,-12.48315049805258,83.87550081075578
85.65747764581545,-81.79710523271125,2.077695235098842
-75.01069918831496,60.162739701100406,7.573043613088338
43.82531420795567,-21.271862822083406,64.54653335903924
-175.6167309858709,-15.531782925579932,49.84103748824259
131.8020877074394,46.07627191077657,85.13958761181667
133.86456790073925,-45.33973504032407,68.63847796935313
-7.500502567350395,-47.49767496328907,87.55506824816766
-12.683862459784677,-86.54142554658591,30.639750467990968
-143.73531069019677,-76.22485061991978,79.26620499213224
146.16504118382056,-73.32029866750128,65.79630505625317
39.24501690736645,-2.067194932358774,94.78878172011885
169.7134647761672,-66.63236811016989,59.3787486223496
48.96752212580745,-22.24441910200271,70.38469365041287
-106.05205633155202,-23.343180092600605,0.7155926735729956
164.8145389988784,82.1690590383021,22.75093730554023
-59.867895403248696,-58.474797557435714,25.72057374766824
-122.15579965917738,46.616350907325966,42.13089216371023
118.57514394552123,33.59182346846855,63.145139810912376
-99.92803503785674,-46.672630387221325,34.15432323027305
23.779604732997257,81.99854906984524,19.35771331029169
-121.43289633120031,-85.55308953951351,10.356000858735948
174.83779594001538,-0.8126784038805965,83.0472833945336
-138.05650493603537,-0.27636063912835596,95.29591734615968
152.93639646841706,31.753251525874433,44.415318024165074
-103.25513554351124,56.901708314117315,53.52400713487933
118.05025680123975,83.46238580077593,60.30081563158697
55.08453500966738,22.756206538335377,48.73316638962677
152.71667349462825,33.829963778857504,63.719122405408704
-89.47039768959122,-29.068010599463307,99.93475729451207
-93.27337679400705,21.90559345693039,77.59926602192617
-121.41036643640311,54.709028434770886,84.78517530958256
-27.246849489669245,38.37302487421283,92.03590556473587
116.098343187772,-55.59626826731244,38.20379904546354
160.82329479141112,-16.827234896874415,86.05394547293459
-177.6681531317322,-76.02616162268633,73.21247069132309
-98.27054565703126,27.79978938893045,20.453126744884475
21.966081271887646,-59.678467987977086,79.00472067561151
-62.643374311964735,-5.683841482003743,99.42153693359664
98.19158780678947,-51.5990814344833,47.54463110327271
-121.55303496191624,-70.59375493713335,57.41357252427404
-11.537221746312952,75.33302416931829,0.6392781604809494
-38.47804402921341,62.58304695545394,3.6395901917469
37.00848586976721,40.504672187514984,12.498146835242341
-146.2041075595768,-80.85126288601869,63.99198310590689
91.36012975208638,77.12935708071035,62.59595730242735
-165.38202353950507,46.25353703897795,62.717398074798325
115.20205225474842,-83.97538418037713,36.96957913869458
132.71718229591374,43.8552243490343,19.32652934548201
-46.976578357348416,-9.619002548150092,55.87428225486498
-105.4821309250734,62.59243630142876,81.8312754187457
-148.43352800096778,-74.15927277582405,52.011464991188326
-93.76521111230409,74.76891028259536,14.945709135076601
-177.51754874479244,71.67360156009343,81.16910888587836
-179.92911386698083,-76.08655264364552,99.65072144898699
84.54686873394144,-0.8435778255426669,44.95250588872152
-97.80180140878943,40.518845180555246,43.76646929197038
-22.97470191632644,-35.639711363211084,92.00432761687067
31.30073385734002,-46.69589318025851,98.5563830096444
153.66777822387843,7.698157893470764,30.30269055129815
144.9851829996245,22.2569675634942,79.52956743240672
17.24906282015536,74.94360117833057,76.15330438080579
56.620148611570386,-69.99981455348109,86.69158302745112
96.64200839091478,-78.71085805411563,96.02016162498856
-37.688202034592365,-17.861667482043202,92.62829448902527
-80.17679995688752,-13.515749718301876,10.356719498307188
20.9897681823513,-17.232736368722414,51.447454102012045
152.10212412989398,-11.239490005426077,76.35548308845244
104.27124480408548,-6.552944434571785,98.9254481716806
-109.54790949917809,-15.297864161859678,52.3389196274003
-26.05291634899305,21.108226247061438,3.8101670425476186
31.329282902212867,-8.937205128610373,38.67164507775781
-46.46223439127269,69.9157562331477,28.835708789952953
-76.20144170861565,-40.33600336270999,84.72844549547814
87.54130732533787,-37.67694081586709,66.07077260740893
-163.45377644815184,2.2983979400543717,0.08460681084559996
171.50233265119118,47.97302681508978,78.0953370718282
-23.67870097913419,68.4396209054735,21.05378787821577
176.03579012979372,56.75812443896663,54.87877436613916
-45.96239080919338,20.492695575643523,94.29689141533677
24.64497116596803,40.81848292168999,51.95355069975734
145.41118066017123,-23.218937796931996,48.33358384112294
-30.872266096975693,32.98163201227901,10.810416120751542
-135.50159377780693,54.17200291445147,55.90590483051068
-146.61361319989993,-19.274663995914466,14.426739570877256
32.268330517439296,67.63903845042046,92.79923969780543
-21.397674736639857,-49.37465638182571,72.93253882205448
84.95270248371156,0.8349774948938347,35.83416669671175
32.41183372175382,64.3661296785913,53.566250929263894
15.020163261208978,-38.17072920041649,11.02006101442694
-94.05575125063541,0.7864727236505331,24.21387982296053
146.1719277311269,1.5515790817722461,57.005029611211924
-105.4313651803379,-21.545869621022504,15.614902458810509
-65.71877566969543,49.405040985839236,48.61121412121058
-163.73593502339835,-30.168825531784847,55.03996774481735
114.44318033143378,16.207157123673568,30.460553342901832
-168.82224747972066,-84.57715030190775,60.654112620933276
-20.438627635364924,66.02046525429722,16.402104960321374
-41.42099249858916,-75.67635166320815,4.00226356817901
-78.1328026733441,-62.70565610703433,73.16379377099952
-169.96499017413097,3.1622037067972997,90.01818273976389
175.09589208973523,-33.646932828198786,37.684696001077356
94.31249829894614,-0.9227111896399975,9.887737261926066
-21.48748688314717,26.912317203783942,39.95132967671664
-78.55450434506858,59.00638666188911,46.59649629881144
-36.72200071014615,-85.36583684681601,30.587879465917535
121.95754995643807,-44.068952342169574,68.87742869372101
-25.540472765516142,19.866352747610108,4.163106915928605
46.68815538414182,-84.40326838361511,28.09923598437287
91.85900003293602,12.925075225945776,85.96057133396887
58.992512753462194,0.27691658179627154,69.74285301394049
1.3475378565567553,79.12066072553108,45.358799550012385
98.08825445445228,76.10118775145966,41.24932106224003
130.22914902866484,-82.18271168334829,94.863742366094
86.2484461320472,-53.283700624747766,6.249470363536824
-114.32352564358797,-14.848157541492938,34.89567014340994
-149.39708142176107,-68.51790813438242,38.06567868010903
165.10583874801756,78.75490931584037,60.06613522518855
-153.15004178243444,-45.32281502107112,87.39702054760737
-141.61081329972683,-30.157796253968066,61.5658393065989
-126.20224597847782,62.07758051962006,21.877270436475737
-5.044050966874551,76.67979547024362,51.626901792851754
12.998498148413148,-76.80035376683949,5.287409447465596
137.93148066566283,-26.47537696718657,77.97748972385166
150.19337206938013,77.94153246175739,14.572004675526784
27.239637664004363,88.70056007435352,46.65190302071653
85.6580999867125,17.362171977953054,3.4617722652007132
-70.44289224767347,-19.302772151879708,73.02372580883568
78.3584742192674,-54.27499830206242,41.32952119941654
58.1562792970374,-26.873496938132412,72.627579205527
91.07811528433984,-24.550594758047694,68.39886064259748
-117.48487438187982,-9.93582851112862,74.22641868764033
-73.69417363472793,86.74108091689416,79.61532149398329
-9.668651018208863,-25.87623849219051,50.31300225500299
150.89623437216068,31.505845966678024,1.7019227971854622
120.22462080879751,57.135441692362576,55.08333698612466
-124.88778543777195,61.76580464513444,26.91184484440362
15.771093126550738,-74.38687518181092,14.858618735874929
-124.3751201167733,-38.75043350739978,0.34426788887855775
162.4113503901582,65.03284347159774,63.1226327161796
12.556221359535357,-70.6112629022167,91.47103609326707
-17.932646391317633,67.65873020836568,17.85013554214955
91.1763700964629,-32.07330732708049,38.810179519636655
-61.71198857477249,16.476513071815617,33.49030920307627
-115.12634027393125,-51.69958310655476,93.77113591574422
-62.86365485327225,-47.420956500034926,74.21230500265574
-70.04745335488985,-10.882332712961812,93.24261786904331
-30.50912045963389,72.53242560361261,0.3717867128611996
-70.89274218487584,-20.046181078917357,13.59067867081124
-16.855506366004562,69.02795988332852,3.0006300655142426
120.32158742830069,-30.978826556186938,54.359580153820275
16.857314866508744,-35.71513439286616,86.74830297691743
1.495131507849777,62.38988636649728,66.5910700929769
-55.3745335992723,-46.910431857940054,84.37312801382184
151.02091730884928,-29.842892549259616,1.0808850109053747
-91.16286588223682,-15.79242539709685,77.0403158717813
-82.249175253169,45.93423974934933,97.45996753446026
-97.18559336025828,-11.283371171852323,69.26106707269011
85.6934486214949,-6.838154642464147,62.70760683705717
-86.43061045547424,-38.73339907201073,4.075385116851482
67.9744980227199,-23.932005939110113,38.08764585836777
138.14262018003495,-20.12271547012304,20.09799845973722
-119.90027013785681,66.85497399736147,94.98964399592484
167.68979199335052,-13.35538449257804,16.915048187581515
40.55735657049016,-41.39376479375652,87.69805029066956
93.05867855047603,63.99667113159953,36.03233884616357
-43.28645088860648,80.52937281688875,92.5766787841792
-19.79322656856951,40.71101259419666,4.423992020106182
60.8931953477599,-64.59735679209072,2.375986922552109
-70.3347663964024,46.117160327758086,1.881733326405255
147.02152130654144,2.8672030223349196,71.24825343537749
19.4290661278597,-12.68710603890068,75.1035326684713
125.76082757830596,16.981632191842507,90.49942394807874
-38.75572408978147,-2.193152245119336,98.67263160625225
48.154092645838546,13.439939024686083,6.290527624554221
-169.38783035085572,9.561050745983266,69.68862875879044
-149.6754121246828,-78.84663521396138,89.21239748359756
80.07907342107967,-33.12459941237675,38.23200008319571
78.34046478660957,-61.93865520596058,29.10406464195905
-118.66215822510254,-53.45604054538839,8.38865191352366
130.5979932937659,-62.11058140467297,38.34058829557642
72.16192723311602,-0.7467162947035888,44.13871877050957
130.81714150994264,25.672777768694644,53.44174635196703
-54.97144633313806,14.801712620114387,9.17786007014173
-149.91831262658172,18.341025744364572,53.469901907453966
-51.33096987147502,78.28399081535036,88.63507827603038
107.61783600182389,10.278958261883005,48.08127232651284
83.45490891503272,-48.03299506359562,39.94241881906937
43.17150169801553,40.948549848135144,1.742054186992248
72.46473817156911,15.709672708554024,47.7423441097678
-161.45580200755407,22.997760119319253,84.84893571907594
67.0699102260294,-29.15271775030942,74.33756645309823
47.134507506294426,-78.1297741489519,61.20501828257537
13.774983219485705,7.5477690628056,45.63726977753421
-107.42769912782433,-52.77912344436641,27.268517689147686
-119.00524989071161,36.384601249621596,99.70717734241997
-38.01484572354104,79.88193251910744,77.84347540471087
35.76408027851704,-17.111589901716798,30.055729927266928
-174.59672424353175,52.983649983307686,28.085700103748955
124.68550155246572,-25.029639223216904,34.65477185206575
-81.43612152211374,72.94334394189457,4.353668538067746
-80.61314611150252,61.82820104141203,71.59053512350506
94.37575787865143,-15.50202509229294,99.52507444307834
85.86068771765383,-43.05966717322596,60.17274211596195
40.39509535303037,44.81684213332514,28.654505004800313
125.13105895384354,-6.556583868574194,76.42615441797129
-173.03102872748474,-0.1367264586755681,66.91392032677405
17.690135136839217,-18.743116423668752,16.59998320571838
-31.767325663247846,-13.821942907852815,16.973692320270604
-22.428581261267,-44.51536511076013,55.6297201499651
119.34792749908928,-49.83453463518508,33.46409079541313
145.59404711348014,-7.59771399405939,10.519465530217609
-2.8806807035379336,37.85373548083324,43.184051917136266
165.72646583386876,-23.948711733644288,85.47678059471481
171.8799786651458,25.23082100326016,63.63672701475074
-27.055905425991114,-43.675684379520824,82.50360186005791
-124.74980692723463,80.77003292692575,61.78753665989514
48.701840328218395,-10.21972066894756,6.930232012981985
-69.63482334925341,-37.19126597776629,0.019090866293058895
-154.45877943755804,3.290219885924685,99.92657476293925
176.86259997364346,-39.62540177011164,43.18899733848279
144.30679328601076,-74.5882337869121,64.52724880686111
-4.862031941328013,-56.45915520918693,70.78340243719859
-171.23749763704643,-21.79204033734061,57.19399308222385
-1.1683291055955465,44.61148512713541,50.95096304807567
150.57646342105926,32.782210446540645,31.689206635293342
-44.269997928455126,28.774732833941243,64.28362268006288
81.81893237783783,21.18211208446651,37.480911240929075
15.277403784867033,-78.37054684130692,33.807038361903366
-65.08420490269745,-84.24612474618127,39.49012421397939
-84.90724084488289,51.970114186015536,33.39454539739819
-75.93972753853006,-18.334295065774256,42.5891783943975
-39.175230798668395,-7.9612246592093925,16.55543091186946
0.5837316180420089,41.14053539351056,96.8870525057902
-7.6044714350317975,-21.178356187245015,66.84347211883193
79.66885148938889,67.0633656954671,48.61327664762779
70.23017635274596,4.269978490405407,67.94389970811355
167.59871244824552,84.88931794149025,55.301770859033006
-163.32855892454614,53.00417529626421,41.188783337098236
75.4707386916566,50.38121438791478,11.02506070913215
17.974653449651754,2.985230393401622,58.42295293267951
-137.457735973123,19.410793567231607,36.444304099156334
96.76383217653512,-76.16148551349484,10.230938105389054
-75.17482064943049,-66.30479084384638,86.61082796711173
-46.81971505019587,-88.2257108737865,90.29537257332225
13.122968623432172,84.04356864885122,35.37517215180889
62.9122744953244,39.663481132206414,50.27511167672336
-15.183692852517794,-7.800252371962046,45.13480563000266
-123.55556517613525,-3.7161929602138883,85.88444575450205
92.21795729361713,26.101380364597944,55.51272462557676
1.2084334652483335,-75.99310970082003,90.66578431266554
37.48979340537946,72.33473074625743,21.971216639019186
-117.64072975237423,21.533716725707023,67.67506096403204
150.73427702820538,15.686296118940575,92.92790306517799
19.79897931252691,32.45144444088589,2.326198277459901
-124.08260518092887,2.5940223993637517,80.60493441986493
47.4139294600304,13.244137917708528,88.59769776907346
140.13473115567405,-70.47019315244249,55.14635916536245
111.70822025334053,49.81072383276177,82.8972497067191
-37.37735852753323,59.88209390207058,50.68425316044883
39.49191484775886,-2.0186328270181377,2.2929676422335676
-67.64238514797505,-54.2970560380239,71.41279294267933
-119.20019873978248,-31.22866459572284,60.79034969273038
133.11681035856304,76.97980491704757,6.727347425936192
-121.34866517644642,5.409053917146139,7.4388647709775935
-140.4872619595099,-36.4666580500758,50.58969190590146
-142.4625040807926,-6.792217942408172,83.48263814221531
151.71259514807065,59.480073327603435,90.68115287714477
-132.16099023630946,79.125942918693,17.713500476463572
7.962357164423281,11.56142324420351,35.11267852459709
90.04928948154321,77.20542745046185,12.056743309310903
-2.3938472315686568,31.782453864887174,10.094346211297156
-14.931701560345203,-40.002291784586205,93.91460813223279
30.37556240260099,66.91784937443609,13.131447059913913
-76.2522912664355,1.3110893815178457,7.76316856956123
121.73131926351772,59.78942730073345,43.26963643492242
-96.43020244755915,16.185327674060616,94.11983357416656
94.04684237622934,45.25661775956354,8.040336484228138
19.7566466313028,-18.287141136593675,6.962962403152373
-164.09393173134578,-62.432685640654384,79.20631948516586
20.149982345979936,-40.72468922397338,94.57142521508558
5.442736340332118,37.55186461271734,92.07132298397218
15.978613648953683,-66.46984699539856,93.92591620977471
-153.99051124022887,-30.61328515797912,96.4066703022607
-13.855089507716173,22.149808398353372,57.28616075858637
-81.81929838387816,-87.75282979496946,72.78618017068385
-96.27288213434642,52.430379172484834,31.28070023253835
13.130148953727314,6.562208862795842,41.119197763794055
-124.143627527766,40.69839770878113,53.05665711835188
101.31918375672359,-68.36975528069482,70.23550424253551
174.7452819425721,15.918053214938794,79.1079071879218
-120.64378643656774,9.448267758998043,57.76952687256932
71.99870662903356,3.0471193761623283,16.612807773079385
-103.75292050398025,-52.90632398453104,9.731671579181233
-145.7399692482092,-1.4821678495229946,2.2890755764383486
-50.041958047883526,-84.85584160594327,1.2430709496449865
-119.02432372017509,-4.806019372767565,67.27349846238575
159.96374530662501,31.40769222825989,21.201604658239738
157.61424858696523,88.58754415871798,45.482021284435646
-40.358069463413784,-1.4813471583860292,54.63404448053556
-170.9443499918188,-54.328432122705856,29.284200846346977
37.338909011947266,-73.77438287864706,93.00715360429132
139.32358260273162,32.04417847133729,49.266934433368625
-76.70849774235282,-47.48326652974342,45.744382084217506
-156.37513581992516,-86.56776338135832,47.37671616335759
51.08934489226263,-87.90808814190144,92.08841577069073
109.68112173008171,42.21693355258668,5.356844100925107
-16.480862789214797,-16.75304476835109,17.735779771891657
35.25976900919295,-52.9188720812363,66.35579825901904
-73.8330748485042,-79.64141820208934,3.7624184113252745
150.90407407386283,43.558348662574446,40.14950937039513
-154.6876874223026,-60.767287285394346,26.309177933061502
166.00574310480118,-88.3023221063596,44.10111272125717
-77.35359364853413,-9.959847510524398,41.6638470787449
-88.51625423457794,-17.675391027165517,19.08638372854944
-66.28463983735597,27.624959634055017,97.85487707595517
102.66889443522416,-80.31098870202953,26.759641271957836
-108.41927260668315,-41.66771237574966,56.33123909779496
77.86845938320653,-43.81086294996041,62.60409101393438
74.37952855518463,-60.38815989559204,37.966626905981016
-102.24985869436556,-33.92328651138739,31.90642402997581
-83.63013939906281,40.44268092050561,86.89901843928106
-179.81488037345656,-69.89618976599883,44.92413451405547
141.02235005711736,-26.18144032071494,90.74476802944574
-70.30045133674702,-79.60693785325682,52.092149831002324
46.94236100987354,71.91828757070758,17.926132692759623
-29.874182660496956,-3.028928318183077,96.52397004983492
-50.22823839976911,65.84518148419457,27.922497260581135
-94.93115578105179,-27.65176185473839,57.228297132482574
48.088007347856205,33.22726091775458,53.45015463978744
-122.57745113681797,-75.76481965731224,41.20779976008356
175.1432918691665,18.246068291230173,38.18088832712262
-66.11995252873427,-80.12533636905103,68.64411725222622
-119.39349994812333,19.387181765173807,43.62349862626591
-100.46527421407458,76.29344472933738,67.81200928236896
-12.237412502963025,-86.50852873557767,53.46815754332045
